x1,x2,y
0.8248653594957922,0.2803941943732897,-6.62050695310218
1.6600345796110298,1.6538517004507032,0.1312803132295218
-0.23234655736626353,-0.40149842138383196,18.695468081055278
0.9422728327784307,-1.5410163170965858,-0.7765266417797535
-0.31220622401966036,0.7985947486051095,-4.89456878959316
1.112519201131846,-1.9986217468262213,-2.8650052802947803
-0.2820557332281268,-1.9201155423351532,-0.6977316645194442
0.21429228008350742,-0.5383622495774376,8.52019823125022
1.8880391338427045,0.14496688530095536,-1.255791660663416
-1.936183384006469,-1.1385310694690967,-0.5473469283358462
-0.5057127893225606,-1.3580142694148365,-1.3428392824020552
1.263185939200477,-1.4328596218867529,0.5123818260180854
1.7404472604886347,-0.6467954115286205,0.6896363134575237
-0.039772543824950546,-0.009946856968373385,50.73855511185577
0.023624991408822016,-1.8925440049862283,-1.091100329025706
-0.8460576394397883,1.461253651070244,-1.2632554062604355
-0.3168070417139268,1.2898493988343813,-5.087738019674092
-0.8162642185010096,1.1843353314194238,-5.0682989515236265
1.0945891744283687,0.27345554301105546,-7.28743237829122
-1.2349314412384116,1.8707883498644131,-0.6806133004303524
-0.4665619265062184,-0.6478595987001943,-3.123271564598727
-0.6638121831680337,-0.18891205825873758,-0.9418917529146922
-1.6806823470493528,1.7407068710055644,-0.4038963899058798
1.0867979105425376,-1.2981769358751656,-0.2966867217165414
-1.107211183323975,0.5517150902946137,-3.001004108185771
-1.9210469478619254,1.8053739450803814,-1.3523468667401488
1.5724724676785677,-1.0299054042298486,0.27534656583638806
-0.36518422771498793,1.2145728913485283,-4.760549156680984
-1.6566064137424727,-1.2581224639217252,-1.3592455947468949
1.6641235305600421,-1.0858614736409562,-1.2461786272296582
0.2624096346596261,-1.9810866670379004,1.462198810827366
1.6849557002129085,0.023515852211927424,-3.031594980939305
-0.5991124399510119,-0.43541524302255175,-2.064811571312924
1.184757282985319,-1.8881037555590128,1.247414466662894
-1.5455402626875752,0.767820195509648,-0.9597264151650553
-0.0014217004836449831,0.928098950897593,-6.458296694744531
1.00382122528353,0.2264957988712606,-5.821417204169597
1.4754893278586279,-1.8468505671082545,0.019212885706293776
0.42098865522569495,-1.2044458428824925,-3.4626265031943535
-0.935913848224978,-0.2650283177168662,-8.315161152070742
0.2305110821733347,-1.1999550172759155,-4.895973702400747
1.0839945136895475,1.3236953421551996,-1.3331627969946072
0.8812575395710187,1.2589482007051425,-1.0223719675280907
-1.3310258641855528,-0.08380927480917943,-4.579167537839582
-0.22694280141731982,0.8390017741508222,-5.843983900517812
-0.6779803875897645,1.8825265817777055,-0.3148304050417634
-0.038835687518022244,0.058635364375848376,50.346885786587045
1.9758229885125806,1.501160768340935,0.572057783544344
1.954633251974978,-0.8744827374213147,0.20531347932222227
-0.03400527680606036,1.38083965238051,-2.34774469354112
0.5775978267011279,0.8728744557933932,-7.6777437469978524
-1.2786393306477355,1.784396378211866,-0.413695373410313
-0.3896984605813887,-1.2540181035218723,-3.8270558087796753
-1.3735883090136123,0.6221969054320686,-0.5807159278607972
-0.43332590326936504,-1.432726225195598,-2.583000764527806
0.9756736549807332,1.406644589730846,-0.11816004190072338
-0.2402426801914257,-0.3607655699236245,20.913612797912403
0.13642761534223347,0.923064222001083,-6.675386086580853
0.008334326191020036,1.5390624971684455,-1.0651802627849722
0.1064999811153724,-1.8505344633312881,0.07522222418749058
0.2116187830012124,-0.8716042577267697,-6.97880177587017
0.37912715010520026,0.9894466184141546,-5.547277563270397
-1.6988884153246082,1.6825374932651211,-0.6123700951210382
0.9861600139126359,-1.117246995050675,-3.094123105441779
1.0951754754323266,-1.4479599937984586,0.2593582690777734
-0.7805645606615421,1.809380190769101,0.051079688117942945
1.4600158169020503,1.9139896163279881,1.318794670767496
-1.3761468110955777,-0.10882100665367744,-3.1494281776158424
1.6198155909666947,0.7014667873540921,-1.4150766368059484
0.38188832649478854,-1.1046649042580556,-6.256455931249201
-0.4564105410810644,-0.3079065113869688,11.144436232998334
-0.19288232004499406,-0.17957745374804857,38.84738929831487
-1.7917730613995562,1.738809545619178,0.27096738433475726
1.1275188972469459,0.5464538645927073,-5.385095215611221
-1.5339455495093977,1.4586778114371128,0.7434914575273041
1.936134630232203,0.3471611713601477,-0.021244582062938777
0.3766619814847654,1.1580401951940122,-4.99007589606293
-1.5566551793397796,-0.5005306274117696,-0.6108263728275306
1.8863129419289302,-1.3242649849582908,0.7875200597563172
-1.92143995307358,-1.2048366029115565,-0.3534551188481838
-0.5417728178169905,1.9769563208290148,-0.7360903464271624
1.3701591308660248,1.4929389254167975,-1.0726636272720966
0.8701269185176126,-0.8645384020860498,-5.090878420325747
-1.0473775680795128,1.041319062292044,-2.8968347040799385
1.18538640955627,-1.9016700864125098,0.027951553334239692
-0.23787617155804464,1.2865995506384937,-3.9815050231740043
-1.5807111562202918,0.7864973277103253,-1.756321320441327
-1.8926269007779255,-1.1888698822539094,1.4687482397757148
-0.8869960305473978,1.2180836286533943,-1.4071530381136743
1.9580982426076208,-1.5397730536951606,-1.4198244826507198
-0.08294258573733337,1.141630852566315,-4.759403319004188
-0.3953038776688951,-0.6345994245801139,-1.7118658881136168
1.3314554542353076,-0.49306612449664877,-2.3347556248950663
-0.17069575791745661,1.6679436907347616,0.9125342970513787
0.6556690704648478,1.127862377758996,-5.107699063800405
-1.1390136145703016,0.006322022309888098,-6.263224022115409
1.1817360857162273,-1.5331775828302514,-1.6771313314884335
-1.9454581652990526,-0.31817696602994383,-2.6714128764107277
-0.7358421337996677,-0.7869187593889078,-8.016634646763164
0.9284355988717623,1.8692660086488977,1.8932894448979338
1.9462932078281852,-1.5434733373447247,-1.437991343667422
1.275428705832141,-1.7716035192988415,-0.3177408674542086
-1.8816382402569207,0.9119308103885748,-1.0428021016933384
0.7575687535300077,0.0006522761803213761,-3.8046511421709557
0.4223756228783344,-0.907331179065332,-8.063343860110534
-1.7896278913039763,0.9065368846687214,-0.1636509840445123
1.1137749487845925,-0.11656800102330633,-5.988696189922131
-0.9963696853947441,1.7620267630962845,1.222560317001041
-1.8783411706022268,-0.8153766619817886,0.12353843225033563
0.001494753399853721,0.5047378504608266,13.495386248776764
0.7897567086525212,1.5345825015523236,0.36694856471702775
0.8986158921350906,1.3190742292561097,-1.9764906605726127
-0.43122063728934146,-0.5824202884375502,-1.090403944752796
-0.7397076725282625,0.44072278076134763,-4.418314441523282
-0.0658923638377118,-1.4224014886327896,-1.9941046642732232
0.6501886736894638,-0.5808055247830182,-5.293117202900672
1.8308183517516703,-0.7675588056449114,0.011844490672207275
-1.762474045709736,-0.05271094558924583,-1.1657325593621157
1.9788486269696626,0.7081992208867245,-0.13019728220638957
-1.2420508215536494,-1.5805177666127777,-0.5401223363952962
-1.479462011404296,0.9948181571713701,-0.6619662394644996
1.016992601889526,1.7408012547946181,0.7434346125046121
-1.8836809846413245,1.4510713324239508,1.6653151483788393
-1.9592515373264217,0.8323193970321636,0.9087669775281406
-1.6300512791228323,0.43673238354621624,1.3213534950670445
1.6956527287824725,-1.8153687712511895,0.8767528298477838
-1.6544842276215164,0.9678734295866662,-0.9281182844739168
-1.3284879993486136,-1.9377659611207405,0.7490664767181129
0.44485575496902596,0.3375410843873641,11.564530002609665
1.173419179437499,1.907054694655609,0.005014736888938668
-0.08540488116862477,-1.4926666061922216,1.4240347754704188
1.37951157766721,0.7678389136040029,-1.416276057023286
-0.09229322292965758,-1.7031600023696187,-1.7215997856208411
-1.8297573766357313,1.3945632588463277,-0.5433802641644304
1.9279831411140562,-1.6343268872173167,1.3321030515748908
1.949760840028365,-1.7246171199896403,-0.6640792235869084
1.7989052634581975,-0.23021903731904914,0.575979652598758
-1.0414788116679334,-0.7222143786094071,-4.85265324085992
1.9847825251677076,0.4356375317981849,-2.1067410659739507
0.9990911561603713,-1.8841945875678099,0.8517492077654213
-1.0813935471087555,-1.1964239206800653,-3.7924119205016558
-1.582560771339427,-0.36814751521054934,-1.4549899872281793
-1.2879921484499772,-1.4038456295420683,-0.6179237874788983
-0.8479401337543555,0.8318142483858746,-4.906670796121253
1.265278876849786,1.4525680080486074,0.1786260646045711
0.8216702827238844,-0.1960177942655319,-3.765929052969565
0.9937887756385311,0.767280215189059,-3.633683605270562
0.5331095652762206,-0.26367236808686956,7.383221616482915
0.6489569970592184,0.8225469350843992,-6.987081216013099
1.2585119491497725,1.725640885544764,-0.28023809064179095
1.7003781610871327,0.9170004365030753,0.6584745224638687
1.0865605464711456,-1.3655402457342793,-0.16050261996413423
1.8482789359724956,-1.172709402014168,-1.6909958289691935
-0.8271069273259477,-0.6293618925464459,-6.31857487858104
-0.9257152011525704,0.19251137091326465,-7.306219234371037
-1.2645007862581252,0.39340729652828843,-4.5261473993456995
-0.2514300427692646,1.232092601139931,-4.39436948417044
1.9801414710337104,1.0629658677606777,0.644734077326446
1.9788020033280103,-0.8856128976811037,0.7528969933232912
-1.1803440766807722,0.039732107059427424,-6.67205687545733
-0.3126818282311987,-0.7364097981503539,-5.144089885908182
-0.16063791171427333,-0.26234260911286755,35.5511722354389
0.44105655555353174,-1.9843653706152606,-1.6040828465279051
-1.7264488937769453,-0.9486868778224058,-1.3740457044331933
-1.0558539422376785,0.8851157973022525,-3.744910342280402
-0.32997808333744105,-1.6964580215754057,-0.24448013691200093
0.3919250300786654,0.23973943278960164,17.72686822754949
0.17273030116605392,-0.895026365559652,-8.105760887891726
1.4525708994715125,-0.12166795728907731,-2.5022933026425194
-0.7256820635430259,1.5004772957667103,0.4622112697379379
-0.8934171614171142,-0.12994880005506015,-7.481868158378596
0.23898564615612505,0.02941756743169499,39.23870102309462
0.2751326190813099,1.2071881812614191,-6.393990137286322
1.4587609943363238,0.27101032025971783,-2.305706213201793
0.13015981952869726,-1.3770965067214753,-4.075235834773908
0.753184157464748,0.463908615266277,-4.602835258024465
-0.9349306642185455,0.32975378197461325,-6.802739790655297
0.2814862372838154,-1.710587483151555,-1.5615117451893972
0.655005781404427,-1.6882814512007114,-0.6190840090077125
1.6293988269544522,0.03167444527510854,-1.5997114258933154
-1.022681916929725,-0.2810382215503142,-4.669723685754341
-1.2295659602574505,-0.6756837183788575,-2.9048408152018808
-0.8056661690289926,0.24842679522966105,-6.367769961451074
-1.4202873409718721,1.9543287291603835,-0.8816730853982757
0.7356074269773965,0.7420191046861371,-7.343517036006824
1.8974625337704265,0.8621546416977117,0.1059372157034479
0.5379083943188498,0.5458630973095802,-2.2256612492724717
-0.4678353106339377,-0.34300418214260153,9.47021746306337
-0.5952255900787491,1.3950094993363282,-1.2690012304337244
-1.4605652949332422,0.13791931246022626,-3.2426034935108823
1.7075510608838256,1.1659413282999598,-1.6094521464259777
0.20873902607934092,1.1416406861891115,-4.099632109681237
1.4866322463718133,-1.0475305004170132,0.2606340997977052
0.7605657188910979,-1.190531785003786,-4.816212128063313
1.8669498529590358,0.8155320803658666,-0.7987425491745894
-0.3607730668986413,-1.5897711986120622,-0.02453219691332098
0.6182269035849548,-0.36253288492247693,-2.4748000402724712
-0.5700163614970779,-1.199947570435051,-3.8541353028934577
-1.8492375051708874,0.5299846223741462,1.621466139544538
-0.558568087414598,1.9656441324740173,0.7645956616603535
-1.904746515770018,0.1770102313120243,-0.43079772368595676
-1.161957910521477,1.2067570917610544,-1.5460993321961933
0.7410682838493923,0.5725470631703935,-6.739455259153027
0.8485446307920745,-1.3947115455050394,-0.6335675316095163
1.9218871401386965,-1.213500217868333,1.6603915907448785
0.865776229784391,-0.44856640086912014,-8.164419727852684
1.487947338116557,-1.6199591263263309,-1.4744531043493896
-1.0848804934353962,0.11896170022820218,-5.984438741915566
0.09381098103009711,1.2174796672898704,-5.372174382594285
1.7773135125316508,-1.8659063278562775,2.8167784668793723
-0.43839371743067845,-0.07729670944460931,19.67678287054079
0.3104667732471351,-0.6919055013086148,-3.976273688032448
-0.6833057022306677,-0.5256791696298246,-5.977150928826292
0.9219640151134398,0.7365597740441272,-7.182697216588709
-0.39002019622728934,-1.6902100927501187,0.39997885418039547
-1.8114869480726896,-1.8710813868345695,-0.6284965677136174
0.3235580760651997,0.8753284340618221,-6.584708141106952
-1.0256485586870334,1.5153944157951456,-0.050033545631207266
0.4845030019760581,-1.3126995816197966,-2.6457150128053586
-1.0965285444737756,-0.5980122613787371,-4.105338318006249
-0.22957280468852392,1.3732037919334634,-3.3966553715733667
-1.970605938089244,-0.9772924161846506,-0.2845775491720326
-0.026438727268371043,1.902474319146696,-0.9350189994125372
0.9884274167289213,-0.3700223666098501,-8.146239873032169
0.8775332093749841,-1.8978546581248272,0.007687605851811122
1.8044384644182956,-0.9876232225720689,-0.14819955945003965
-1.5401282753738164,1.172909478357027,0.5040220846976405
-1.3353878319070902,-0.23414867879213164,-3.926887496120269
-1.1041568397601864,-0.7823686840320527,-4.842904126253795
1.865964580494364,1.449246980316766,1.2076584405017192
-1.4936751601595426,1.1338649213056882,-0.21684777083323373
0.6266190516606462,0.7972110314623793,-7.212980045122764
-0.2785432746304273,0.8674012929899355,-5.304092871083767
0.28364078820925576,-1.2351559560438816,-5.857362388369471
0.34637704686574633,-1.3920395863768005,-4.501521702899785
0.1979027375426763,1.847067558181831,-1.3461953337165837
-0.6436931529296772,-1.1065078471234093,-6.987200761548433
1.1782664335685888,-0.6361842397216422,-1.7303614648536956
-1.429061672650092,0.2614980625105332,-1.2942055341537793
-0.6110203117052411,-1.5320675579247625,0.2846334791791528
0.9665389561215121,-0.15763420054772137,-5.313074268715909
-1.3945600455442957,1.4502231507709098,-0.4612969057672627
1.3142208577112018,-1.6009395391222907,-0.21281677452248393
-0.5382705257454075,1.5672712028527997,-0.34097512599771584
1.6358505523128595,0.25607874565207656,1.0822835196875573
1.7555578557367197,-1.000075890995877,-2.402026209497123
1.7243295739447495,1.2753675751109785,0.5218164542681554
1.751604635690713,0.6974094776424131,1.1956330334220326
-0.3401557494709868,-0.2985055332915416,19.387201147853077
-0.6391107228307895,1.5916949891936523,-4.365251687716727
-0.4990216030516046,1.2982044260373122,-1.9436822672769347
1.3749371422966954,1.7200759549991984,-0.6285704617287027
-1.0602494680033465,1.6090987937553556,-1.7676836057436525
-1.9933742884853554,1.850988188009485,0.5973306930596111
-1.4193751861791646,1.4077150131319875,-1.959327416951553
-0.7382704965174227,-0.517694447442139,-7.161109386775401
-0.03122444747631903,1.2366698201587631,-4.647086148717112
-0.7008771580369584,-0.6920001545081025,-7.62402279104389
-0.1409961808865865,0.6205799759159087,5.930138692650486
1.9507876667732944,0.5417549275171698,-0.7521653097714526
0.5767295155515777,-1.2900036541723163,-4.110775241576191
1.1490133007182206,-1.5634005405798255,1.1402386562656752
1.821272921292981,-0.06588613882019789,0.9874159741064308
0.3334338076244787,-1.3188559937268693,-2.5703591062529227
1.956490954898753,0.6300539886650105,-1.0442008856799325
0.2007623158359122,1.9976289741636686,0.6747802384880334
-0.40389968691624434,0.17697249682481875,21.090907464308145
-1.7267447095328876,0.7973086694201896,-1.2689985257884486
-0.7970644284338171,-0.10231776335395937,-5.052436610996132
0.42631665543099784,0.8019032850334309,-7.617681019797272
0.22616567732742654,1.556598570498247,-0.8433512604717011
-1.7517835015288066,1.1893446232088531,0.5849108736878296
0.9663375837681434,0.8484505977997694,-4.224831343417934
1.9412997383469603,1.7101716760398706,-0.8147416119289906
0.18143706244831348,0.936484176759369,-7.781621108740135
-1.9923013235916471,-1.478808581641017,0.5360314166091407
0.8087078270780692,-0.23816876256010033,-4.790491468436583
-1.1562660147505728,-0.09781482328632096,-6.630474981201186
0.11512843644659343,1.7393745412797559,-2.5849202256448054
-1.8113962767542633,1.593831452208185,-0.2999442552810031
0.2003719866435083,-1.1230187259655104,-6.855943491745856
-0.19137490999288786,-0.10289895284231143,41.84276474726233
-1.8997137901532675,1.4580607683072988,1.0229273900524904
1.2775484924482963,1.874254430620621,-1.447052355211868
-0.7161413120368563,-1.6496863223051053,-2.052981610894112
-0.4812944685942999,-1.426576012944326,-0.86258943830687
-0.5642213567955539,-0.8507405098213479,-7.2301697938007345
0.9133351973630841,-0.48418309757529343,-7.848922345832335
-0.6955136659059598,-0.39949742489868,-4.211238145887043
-0.6732236439916806,-1.618025862327765,0.840534555785518
-0.7113061816535957,0.36231941652536337,-2.368111086233373
0.8276508236196398,-0.003975100325686487,-3.86893504369905
-1.8666908301405671,-0.14406510356608315,-1.8320755647895641
1.893281807658704,0.3664838117759941,-0.7866153149655841
0.623218253057308,1.2054955926470838,-2.736745709193599
-0.20588764414652694,-1.0892296146389908,-6.972184095630983
-1.9922161648834646,-1.6970733724320985,1.374646419782464
1.9917304645669676,0.22905660520958726,-0.5522388616125756
1.7210232598047823,-0.9226062604575302,0.020529880500545522
-0.7482687905481322,1.910839142042314,0.9447184226294109
-0.6613521461360627,-0.4179598895904304,-2.9097181957312834
-1.4547066093341505,-0.054470492471277776,-2.4866268557737765
-0.8330818837887182,-0.1826789218924998,-5.707619546019537
-0.7613145639296053,0.6140953219474596,-5.9630345437411
0.029821847563749948,1.7022356198872224,-1.0919832783455077
-1.2664623146686282,0.21104921845384483,-5.4943703768405365
0.016254984671153938,-0.1347021027632329,49.193402293750346
1.5472452193124955,-0.8905146652715317,-1.516333817586208
1.5080049152530157,0.9162124829819462,0.44529998666500614
-0.6415803980360604,-0.2554158624466769,2.0007159876115654
-1.3607991314350816,-0.4034317280374524,-2.7543714324282274
-1.7471180430713074,-0.3827555684139936,-1.5668441677400218
1.8191798167389992,0.726168755184518,-1.666878209312937
0.07488897311089948,0.8937252825329143,-7.097813483418324
1.7514650323391954,-0.7444343242554896,0.5146667248644556
0.16169573512987334,-0.2782195632409574,33.14332584503629
-0.1997561306779323,1.2697381245798773,-3.9177043287015043
-1.4375930393724325,-1.6520852197093983,-1.0167805147273279
0.7076150126696152,1.2580567726601384,-3.133159755458964
1.5026594477317232,0.7286374743814745,-1.8839343462315223
-0.043640051734261665,0.45268439366765634,20.02531248710391
-1.5727849662334648,-1.7401051810625665,-0.3669355162811613
0.6734436529161969,0.0968972485912758,1.8619804630262131
-0.1314416623716057,0.5724016100654223,7.947532711961498
-0.48079418463653667,-0.7604931545406872,-7.520630468236732
0.561092672866851,-1.0204232835782707,-5.406380581360249
0.02195853837348105,-1.9418460471133536,-0.8458092266136683
-0.5995992249084456,1.7713788473268082,1.2035610128839211
1.7705135899623574,0.7820529844577941,0.5124440487149908
1.763627352751194,1.26124682703662,0.9835933836310102
-1.7369953782485448,-1.622240983470495,-2.2842705970490185
1.6377632653634149,0.16331270850548085,0.7537037992701603
0.7617817284832471,-0.33271926365805005,-7.513791436736055
0.7192632810183524,1.7146082782664092,-0.8533736170605584
-1.7233522459286328,-0.047789904032341735,-1.5711203869578654
1.5334977314361322,0.7180410954415608,-1.7135706177803167
-1.891841410021017,0.33177896466590795,0.7729279519245082
-0.4616177974477451,1.4644660539135668,-2.9320476699689015
-0.33153755565844234,-1.6346173619445241,-1.6608132327076834
-1.8839898829659,0.39477291266413106,-0.6447245035717
1.019395552472547,0.43071249682573187,-7.7105036776025
-1.8242095012301904,-0.37860278975483563,0.26692827218296616
1.929992307620954,0.022506038163252917,-0.32135768199506487
1.0760446219249133,-1.5488913880198973,0.3902984315349164
0.5937293157224293,-0.1539484501573143,3.0932793145665616
-1.9483801051045924,1.2570093818266148,-1.4575147851972474
1.973138629805454,-1.3397288591614993,-0.3375738504357882
0.0802599572483138,1.979535810508707,1.2837180020188994
-1.5391608651853854,-1.390772055258453,-0.5369767889795426
0.03511195515784582,1.0510738493033354,-7.171281673114062
0.3826310930955015,-0.3174468127788641,16.32540377532287
-0.7865038140174159,1.252857026557292,-2.5750245330307844
-1.5649789551834186,0.05208931461367117,-2.446658927705216
-1.5586089059250159,-0.7733566842793058,-1.9309108190206965
-1.1894282636782658,1.8598589850835268,-0.032460690559414584
-0.17607222246923593,1.4365403972149862,-2.2032269737575203
0.8636689674695428,-0.5798941902301156,-8.31480787867646
-0.885141577080176,1.1395385171257582,-0.933136774554681
-1.098477781841519,-1.1397026637450907,-0.2719085006576736
1.1994591454093095,0.12891341118041444,-4.688613155914403
-0.9286843790892809,-0.2836139517445422,-7.226121927776547
0.7533711681975426,0.509570997051477,-6.745323597771613
-0.775710156510931,-1.3732370865861898,-1.804143055261762
-0.25852345816083266,1.0086441780919944,-7.53087513806921
-1.4350621512733341,0.31708832770646334,-3.4107845388942066
-0.3099942259804158,-1.3581014967465639,-2.317465288900669
0.9759661322410991,-1.9090043362152427,1.4715356254724283
0.61659947759681,0.2307237087124583,3.648784131824647
0.4239230079886993,-1.1263586519010147,-5.5828069617737235
0.4478572037586295,-1.347039364747388,-3.052756254656048
0.5495087167202004,-1.814764647172689,-0.19636524298889294
1.744666741319001,0.715333587776009,-1.1977597199752266
0.8257244924445404,0.17880353628812173,-7.116583674349366
-0.10696942097107254,-1.464167222452069,-2.63076881050639
0.5521881987585062,-0.6674770281228786,-4.850937075498951
0.5250868976772067,1.7184248995129363,-0.09581782222884078
1.1083279801583514,1.7845730014497754,-1.084868913993386
-0.029083730285148768,0.9999121557698833,-8.434436400247725
1.9751073875087992,1.0386564779344805,1.159962242173368
-1.6127549133357837,1.5388141574484826,-1.2210118567092612
1.7269877204515702,-1.1703515966623654,0.04185672761095774
0.2866548476377919,-1.7764614467029878,-1.0222331523289814
0.9968178560410705,-0.6142401743150763,-4.6258910125919845
-0.06077915697201597,0.1889373015599185,43.549155356944276
-1.4991091597619337,1.707503039374071,-1.508695848234118
-1.8376760418285243,1.4270693719457581,-0.20793062146726846
0.6657211873008198,-1.7001477453147973,1.425241604203187
0.3499308607112708,-0.10753698264375178,28.501287461659686
-1.1747001914123616,1.9363385025962598,-1.0250963152588077
-0.759267371321585,1.5989093942928805,-1.7189421164363663
-0.2557958906705453,1.811802696811775,-0.468176338603564
-0.4833758788307594,1.9208163910675218,0.8892827955480452
1.5053028292552502,-0.0028555806343186774,-1.2438493404389184
-1.5730609220698297,1.9559606875233704,-0.4854168957558589
0.6760591508350191,1.0421213821388098,-4.675579986492831
-1.8729443182995014,1.3151044999184487,1.5765839959680228
1.76044258590498,-0.6621350953083183,0.21356530007621188
0.7907532211790116,-0.002745450309681541,-3.6042624174629725
1.0096460645586176,0.12503117686929244,-6.175919163755729
-1.8672597177317547,-1.077325016253786,-0.9811358927025106
0.4770735784872535,1.6821920745777423,0.7202772453349201
-1.5124883919601535,0.245550444502308,-2.9758786474141106
1.0301854136076622,-1.868746357700232,0.7822158650719239
-1.6213274795667671,0.30425291292840617,-0.3847761398344077
1.9604869392063975,-1.0685380013656918,0.23508390326330003
-0.5585509643797972,-1.3027500436219297,-1.7353579777661354
-0.29926830789006065,-0.9389093139524891,-7.854371331647797
-0.3255645179123885,0.8767534483050747,-6.21336176141995
-1.2966376062115037,-1.3319185464579513,-0.3129348705170403
0.558595216440656,-0.3777217745460799,1.7820764376227032
-0.6775384939371776,-1.4104687301682897,-1.9024831628490175
-1.460115179471123,-1.122020951529057,-1.1938320371480484
-1.1249256480953762,1.3886902656559221,-0.5904056806478617
-0.3096712499214802,1.7432144847899265,-0.9112391713402876
-1.8889523389038376,0.6032810687701629,-0.5678270513784545
-0.16872103136109784,0.06246585265949056,44.99817278845703
1.9485803012494962,0.7207357325320718,0.8630378792787554
1.0096404916997783,1.8074498219159567,-0.34274252053593723
0.03878043167791434,-0.22402223759443274,41.19823801982011
-0.6658214905463176,-0.08470492127980211,2.1411508944831183
-0.5529237122533917,-1.3206095856349376,-1.8399018633266402
0.7271638618619587,-1.3454259580418704,-2.6501645379945464
-1.978216941886727,0.5532902903151418,1.513678543884444
-1.6316296851584546,-1.9175092049203863,-0.6169006875240147
1.027612526391695,-0.7782074520779965,-6.114769176082829
-1.208688503773244,-1.77486710622505,0.611350395762071
-0.1707481990356552,-1.0795501638120575,-5.680921859916465
1.7910957019345606,1.1826849228107066,0.009782702293878558
-0.8604924803210512,1.9588835944908278,-0.5258669774764266
1.2347479407861988,-0.6904758183259418,-3.7025452729984636
-0.21700347297971012,1.225894441812319,-5.866263636785196
-0.7973909003284665,-1.5549511724747713,0.4527630673149692
0.6570171590478804,-0.35403980174371164,-1.5045281373220802
0.454540088191262,-1.72797276000904,-1.987495379459314
-1.9820874267350002,0.4721174854071224,1.1335506510764652
1.945785889483926,-0.8052806735780766,-0.16148704679679213
-1.6376253847061695,0.7125346824387009,-0.6842327446412203
-0.6003035082135288,1.6572232594450544,-0.5657992439223922
-1.1778115701629757,1.2772200345755187,-0.06682959842650127
0.44089580227327785,-1.3034500326917717,-3.309571894527172
-1.5949215700488804,1.8591653088394433,0.6125749847965954
-1.638145336966129,0.5009429157428391,-1.3765346117021116
0.7554123223695286,-1.7890466253736124,0.5068171893334534
0.9758171580358233,0.24777415389426904,-7.936881352086571
0.991004337777726,-1.157230873064064,-2.2483008365181663
0.5766796318304763,1.426605789657705,-3.0199990726987878
-1.5241908825866166,-1.7318609763455757,-0.032479141361143146
0.7010852475590617,0.38242514997355626,-3.62949173204612
1.122160145228606,-0.3791860503308939,-6.018846807106204
-0.18325099631937336,-1.4885110738619125,-2.183616795306806
-1.8968228120150807,0.3387694892980537,0.012445768355213715
0.8882906475693422,-1.9528130709633014,-0.41683638858499694
-0.2557917587186722,0.18663647204691003,32.80628476010013
-1.55168147053294,-0.2146437047630103,-1.193549273529693
1.3836111441899477,0.5248303520053907,-1.945689667867628
-1.5206002813038868,0.243055055025025,-2.063767350293657
1.277178254255829,-1.6160393118515128,0.6812332257044885
-1.0074615539290455,1.5300598117054185,-1.1205851079556972
-0.4577216429176789,-0.8988999323586979,-6.47820578751209
1.4042617345347597,-1.38866112997589,0.5857220311372002
0.16385805506499684,-0.058681619247270334,44.07680493712748
-0.5624086076815678,0.3335217838305726,2.8435905526731116
0.006603292083344758,0.09690043592395581,50.012714879152604
0.5128920577179366,1.2056772114287826,-2.9054483588806397
-1.6358059715110214,1.5054141256735765,1.8822163075471132
0.361707835074506,-0.12601387621521143,26.22683727770178
-0.2790215240942513,1.965086418183191,0.43505654677230216
1.0248184077832128,0.5930608615602897,-7.151863528129309
-0.007858408587097632,-1.5299948979412323,-2.706655388945242
1.7930549203448458,0.5152731839431937,0.5364367076580583
1.375252257496082,0.6613895550378457,-1.1989372224427202
0.7923638228627645,-1.5878881102462405,-0.7497312665258613
-1.0374487882411478,1.2416039029231936,0.40847667881613137
-1.1930800525707177,-1.08503766103899,-1.1113893673170123
-0.3072782748188674,-1.3416444460519408,-2.9657032722975716
0.872525360773738,0.21953547931059703,-5.790988298797324
0.18630709093838105,1.7034201160572868,-0.5627571476047941
1.2620035664423974,-1.718264953598136,-0.32867986094215795
-0.7606509551897549,-0.3096291450343087,-2.9921870921222666
0.6307728175276073,-1.7458075433195126,0.34996131101605266
0.3222874073809283,1.6571089748042334,-1.0526472660803718
0.47844390031512196,-1.0833040004250338,-4.724623716071939
-1.62093369931085,-0.09312594071411695,-1.8044746523504207
-0.4184327002345629,1.4446627679355952,-1.7413872541581537
-0.24019912570197866,0.1453899614354599,37.29966695181591
-1.4735283591497228,0.2554666103906871,-2.3487074771666108
-0.6225119331655184,0.8923826591233617,-8.308683961387532
-0.6671048604919321,-0.17407461901612775,0.08249517163346654
-0.24963717876653302,-0.7807128949403395,-4.890609269127434
1.4818878327904579,-0.8178650592319596,-0.47805420493473416
-0.49443046615396424,-0.19277100420797888,12.895730207017328
-1.6156850251139416,1.2087093997731846,-0.26822817398659443
-0.5027057593480575,-1.5627514387412598,-0.16220829688627458
1.4238441297811013,0.47943233759608717,-0.22294642076939297
0.8200087751214711,1.537345092724621,-0.25539574377926255
-0.4880920530302828,0.9113375602725919,-7.24653455712523
-0.4401493514745116,-1.9943159293498822,1.8027565036599893
0.9825531444783362,-0.4497656874373175,-7.73048157220212
1.3636112548809733,0.32497195864796957,-1.10869635600481
1.300238810179256,1.537201532364151,0.6158880450280675
-0.575334276789683,0.1505168732436557,6.818085953022952
-1.7861243791126795,0.8786120353114177,0.5197032216869208
-1.1203536222907138,-0.7648152422132104,-1.932337713895902
0.5582061401245442,1.2943484056956813,-2.1694119409295576
0.5724240179704205,1.0102825472654118,-6.33604114134239
-1.909804998920332,-1.5881143664402693,-1.3058931875211028
0.9734445035633814,0.04437489301485442,-6.383703068705363
-1.9245414214017131,0.16928722863560175,0.29035685653962867
0.8517309826391442,0.8665104180697498,-5.01644222997844
-1.4595295286950103,-1.499318461089151,1.9787618223051848
1.6322008788985558,0.08345806633373565,-1.1591013341858218
-1.3753458258560114,-1.6744933518470675,1.8071476876042105
-1.920386640556941,1.3300160818128726,-0.22080941803064583
1.270865419249323,-0.35972553727431267,-5.011852950249329
-0.7872000580644469,-1.2051695639984512,-1.7172109439531387
-1.7213351988032723,1.5715356340035682,-0.4736601851198736
-1.1924506756518065,-0.9638154176915625,-2.458539679933867
-0.025502517948870373,0.7339445489343057,-2.6452195473929265
-0.7520952407521704,0.9509137738456879,-6.144436060531461
0.9853569593772646,1.8840542085986485,-0.23458458136538363
0.08061915882206394,-1.0841752956654847,-6.5261618366270975
-0.002448290014088972,-1.7993496132209073,0.04472735251562754
-1.7957816926650834,-1.987743131166789,0.234838530484172
-1.5052752484042844,1.3541073323522337,-0.7379830169364456
-0.5367466864610604,0.8356976127287679,-8.471676976500317
-0.11856613987439824,1.5066011673493382,-3.6177780299023965
-1.8196798153103737,0.6222077326351978,0.54018662800285
-0.8943646365262574,0.37415090759821856,-6.243557369526892
-1.752195405072555,1.452786568464687,-0.5908225596959474
-1.2041732769154656,0.17186036015812878,-4.9799287671080945
-1.663475903750713,0.3503703991041549,0.23230559722773259
0.5181477316548917,0.4819208945201683,-1.2261396343382283
0.31725119119645395,1.9136619460067967,1.2339622945929845
0.6928262452468332,-0.49900442828911107,-6.440380397470661
0.7367296053029957,-0.4176649631447438,-6.310078368140739
-0.7420552008128523,1.2689169410700911,-2.5486318365145917
-0.36582220979840985,0.3602982876629848,13.174886089837424
0.4975741870218857,1.6885745325954056,-0.4541386400083426
-0.26045325423852095,0.3200327008088242,22.180796611828864
-1.1990248675034914,-1.543827041389715,0.7493028408571903
1.1414595452993495,-1.5464908120919163,-1.5244658182184752
0.8341562380248395,-1.045760019907759,-4.3590977712150645
-0.047096047876828084,0.5279831782928293,11.31650528564213
-0.8726891158059371,-1.4464844021419263,0.6861720158856853
-0.8610666513975378,-0.6018198415699936,-7.234699994964043
0.6724905989194143,1.9696532155651214,1.1506835905995194
-0.09507744321900136,-1.0295974570178363,-5.905640019697523
-0.9749757413849665,-0.7802243044264268,-4.282715052326017
-0.09549268207523331,-1.90276377038245,-1.7703179159325062
-0.01853989314445359,-0.6519168027487359,3.5138412486563215
1.9291186751391591,0.10609718456638806,-1.759027784720792
-1.0077283208633565,-0.4135103366796975,-6.455169159237895
0.4189558851918087,-0.4748873038560557,3.687521587362909
-1.0473305058568343,-1.3832541254441373,-0.553499771650457
0.13308799156149043,-1.7910844447244059,-0.015469768889923019
-1.4657685156374751,0.06869675157387123,-2.965323376693242
0.33783396732129223,0.11517453076287865,31.088379977569552
1.7428572881920141,0.3716337500961422,0.5099354884249552
-1.6971381908012506,-0.08977430917670048,-0.6567547710903959
-1.0731559177000314,0.8396422985809937,-2.4054444298190196
-0.6545152128372895,-0.1021969579165467,1.97233971846898
0.6050378473629161,-0.4176446611334659,-2.032194524577389
-0.6352660198040323,-1.7061029930071894,0.15262161473209523
-1.5845476957376938,1.8976381616800064,-1.7579487293730387
0.8101742974037669,0.9294540694404789,-5.432443410924546
1.2110003065845811,-0.6634377967117726,-2.923408655159702
-0.074742403845657,-0.015731165936388347,49.80742957271709
1.0317792575166864,-1.7643286718768771,0.01281448080967934
-1.3277430954957379,1.374907833695441,-1.165188699803231
1.282789742290598,-1.8365777584773766,-0.6891804185528001
-0.9344043120958769,0.8717129227342673,-3.024686101707364
0.6109292721249147,1.2396452274610188,-2.1119850059095038
0.6657837679553187,-0.7684006811634401,-8.137319750431622
1.0804631411635697,-1.9598143009783118,-0.23433409546413386
0.9808046232378929,-0.4128393046674961,-7.160239026933195
-1.9270495430325645,1.6817552995664418,0.48123426179208606
-0.7296429743126587,0.8729808713500207,-6.1144962007742665
0.4745518081466318,0.0032947097071707176,16.19618358663378
-0.16058477494862755,-0.0022850339671363074,45.901597125834144
1.4123912729923802,-0.6511718377806157,-1.6583975879414177
-1.3844171386164317,-1.3181694635679624,0.9293435418233545
-1.2758104229026248,-0.20032079393562396,-4.137117278181335
1.0702500418504983,-1.7276685973908474,-0.9914427025440569
-1.3104535614612542,-1.9293302854438212,-0.8471667495264232
-0.18252414024383468,1.245244551408768,-5.193367827386327
1.103787775310153,1.2433553548348444,-1.4054976435902686
-1.914503335603253,1.7519933808749273,-0.7973877630060465
0.3496301885151616,-1.4305276917218714,-1.9360574967404562
-0.45825019446954807,0.35973317639888913,6.488909296519525
-1.3400763544418672,1.4227274691675174,0.518160492993269
0.8087447332506419,0.8424643542865118,-6.644890781767277
-1.7372497361578607,-0.9680276878377199,1.2036676770792085
1.0536496251239065,-0.5830531067222227,-5.118492636542154
0.23515811199056724,1.7028664820794277,-0.8969990445234372
1.854792759425862,-1.584874700559205,1.4964199689043762
0.05357246856911502,0.8018992973390011,-5.054864253962137
0.9226331495455691,-0.632100469884219,-4.983525044048349
0.7461019002549683,0.11781365027011415,-1.7174494128407956
-0.3666386358750011,0.9600387185807993,-8.340095766999301
0.42923238205818404,-0.5287983313270805,1.3385249072241099
0.9948857082771774,0.14600724708388935,-5.517647937379628
1.918886497850937,-0.3166607380005195,-0.6082360606400997
0.7828909711032543,1.1315925340753017,-4.462750464606887
1.9738321687726716,0.6132741197861127,0.8641752529392428
-1.2195559713067516,-0.10871969988535879,-4.665717691565435
-0.1439288063366737,0.3376748830394378,27.502256736143593
0.01248144021233033,0.6533793746698842,5.652970895528533
-1.8734509373625592,0.8486477503984302,-1.5158415410439772
-0.04109845171606663,-1.288870622011908,-4.734111604889426
-0.6693192298659527,-1.36535518251518,-0.2932963411341478
-0.699910913294258,0.45397927879240463,-5.138073494664638
-1.8840866210124152,0.9504682981115584,0.7149598827966774
1.5658032479029442,-1.6712037258552908,-1.0928533413687562
-1.845045826537238,-0.8195175212428412,0.8360195421833422
-0.3462041836976182,-1.234130631957869,-5.2502715566394
-1.9732751172887872,-1.1962119847621673,0.44080748987491086
0.45095451959740807,0.7265295211777301,-4.289642460612781
-1.7076260715983467,1.0770637606996445,-1.2007905976987459
0.871060695048278,1.0369674729158316,-3.3936389241062557
-1.266238081763091,1.6100540777256982,1.2520003355876568
-0.3680747424384623,1.524440618881596,-1.8624211530490054
-0.4616771679754743,1.4631925503685075,-2.3756680251319056
-0.9249692029388146,-0.07142231984315295,-6.114812382908662
1.7138666849655348,-1.0383076981765473,0.26112490430283114
0.9784745655314291,1.6604198195344306,0.3780769401920796
1.7522184073298455,0.6382030548529456,-0.8042224323225082
0.6740068045434966,1.9204312077488899,-1.2886413180470788
-1.6705530900871035,-1.4715958759652579,0.15085444867727277
-1.1446196236047732,0.15585757375503606,-5.308954928114063
0.7330936622834776,-0.8313373713364309,-6.527419070204004
0.3352793763592645,1.0232986418079824,-6.633558821326854
0.8078359619236117,0.05989767446397254,-4.412992144698489
-1.9687127042673715,1.939289084682049,-0.19955589518866407
1.6773714575460663,-0.5658566760379911,-0.4941325198815495
-0.055391044832782566,-0.16859587606737536,44.27567175373338
0.9964315772859407,1.792860397077097,1.1520290742566175
-0.714734117990163,-1.8847269085830671,1.4976689383255903
-1.4890533281282194,1.2961665048325095,1.0013271109251247
1.2328948444654437,0.8552889382324911,-2.1382851339011992
0.4380307808933219,-1.3899357489505388,-3.117961464284804
1.0106863571411804,0.8155119975807557,-5.038057683925908
-1.5346583814784687,0.5124022197426448,-0.5623345567520969
-1.919433363375151,-0.40250606947896106,1.136547846711057
1.157680060158274,1.9887072087066184,1.0590928885459656
0.9475767171916121,0.9304812980330186,-2.404136042597026
-1.87903145611806,1.0704594748155372,-0.27821459222269174
-0.5420634362479189,0.7272615870859052,-6.70942664093582
-0.35373694697178193,-0.8336223442224706,-5.4435197279914425
-1.0003619927463125,0.2964444292052897,-6.434695137178666
0.6278264656978254,1.8333257640452003,0.19682348409046385
0.923687582011945,-0.3881202378675055,-8.377317731590448
-0.7640979884336536,1.0181688806217069,-2.4978662619281766
-1.7113404725669752,-0.8936044825018321,-1.0981013168153044
-0.4494779781290936,-1.9717931965337256,-1.6900964685774393
1.6528848492168575,1.4776148559811535,1.18475938286511
-1.6990267838811444,-1.5272973625759967,-1.1533104997814678
-1.5714771398250145,-0.4827796806657907,-0.6761128526283859
0.10966709031205735,0.46260802292779735,18.637307801906267
0.9929394969689747,-0.6065039331916577,-7.119303666917183
-0.7088854839196652,0.17641717758694053,-0.18792806148930896
0.21940985088395104,0.8198580725862534,-6.4706935347252
-0.0063382511558276455,-1.5032542313057058,-1.0305261151373735
-0.3560340446459378,0.0882051320704238,28.21600882685302
-1.964566107173595,-0.6232868898680728,0.11854739628804647
1.0177182456740734,-1.973598281368778,-0.2905411097955642
0.3485104103604004,-1.401213755993977,-4.014196128989655
0.7125204999606556,1.5284715133695435,-0.9483624647307333
1.1487068939356342,0.8308911204024425,-3.822862215068123
-0.4972023544710371,0.9768584980631361,-7.840199043982398
-0.10977445749336967,0.4054833192660716,23.578846314556767
-0.43495442437354903,-0.9792955388360278,-6.702287789632163
1.531669082675137,0.16712265297289175,-2.4375239224651537
1.5570726291113286,-1.2826267669228342,0.9028723627843749
-1.5412186428182846,-1.4325514335971596,-0.17412542199263975
0.5636625914163722,0.7658656749294446,-7.399610965937634
-1.6855056695282848,-1.1596438568356726,-0.29766192415241527
-1.4433205765271797,-0.13096091235534146,-1.1128952255213023
-0.8275503478287383,-1.5333849896050578,1.686629069716322
-0.7354294509960453,-1.67310321204458,0.849710435128798
1.5354489205146762,-1.3838188399040208,-0.0774552671225435
-0.18947100146702756,0.9076094708021896,-7.162879955348618
1.8549827890219386,-0.9658901376936977,0.6079402706119654
1.9497682678680794,1.4003795613712375,0.8923572769004351
-1.4846648120123214,-0.3348500050289718,-2.0220149227268944
1.4463865903985607,-1.9971559459684012,-0.26254717942349703
1.480551184054741,-1.741037979219223,-0.5183292789142567
-0.3761574268289096,-1.9224314004962944,-1.7280734481364042
1.6076736941072678,0.587457920348124,-0.14048927152900892
-0.8245652365855607,-0.9160526317354516,-4.059200332522357
-1.2684496367436742,0.7967516470523504,-2.796014549340688
-1.16839406519549,1.2002709964064753,-1.4996733044143182
1.7373542018200299,1.6789679402803377,-0.18803377590773418
1.1524272911770637,1.1764161664240698,-1.388060210186067
0.13320989224496005,1.1433681385455148,-6.118271343793741
-1.7947026209332804,0.42973160566104696,0.3966336692785121
0.6442552939804065,-1.882514834787223,0.2169367830562193
-0.17014542937542965,-0.585816505390472,5.3257477003045866
-0.11176524249136399,-1.6616749935748722,-0.41509174080459665
1.3618272166120504,1.8542561635782153,-0.28703870939079884
-1.9422107786071843,1.1463042645566115,-0.0035299471660835587
0.21924018247455823,0.35010112136341,24.786022148195464
-0.9837580890371358,-0.27117569012625875,-8.429265244062425
-1.8837821339588854,0.44542422869498566,-0.035263666704233504
-1.1055332399798132,0.36067453051323506,-5.08122861257989
-1.4124443914596805,0.0031519138348303777,-3.7681949413173434
0.7634870056271472,0.5012543085091221,-6.726354134503797
-1.3084380565382259,0.4657067924250353,-3.6560726952756277
-1.8767045521752723,-0.3289125997857094,-1.929318504585751
-0.6116936825932373,1.262865600374362,-1.6544986569469147
0.11932958243793657,0.8159419373977457,-4.519559363033271
-0.6283211332213963,-0.4403390836313843,-1.5315940817700335
-1.7552238409042653,0.08742329615324707,0.7842699347510654
-1.7923483372442601,-1.4157745634198982,0.12112177897515383
1.5616633302452105,0.7271034213539935,-1.181494636614325
-1.4999182303038538,1.9394585774163642,0.4064744752917065
-0.7027588916501832,1.401963566665538,-1.3567886913155047
-1.7478362980257809,-0.17564090830361057,-0.5559736223021085
-1.574540242747048,-1.654176147284479,-1.3979230376105163
-0.4246906775722046,-1.4357490256487284,-1.913645843528709
-1.2183426142823746,-0.292956555762808,-4.18442060575101
-1.744248594101994,1.8140595980998917,0.3937465809538171
1.3615684001610537,-1.1717232426413955,0.1285692699196338
-0.9021537748407411,1.7255791911915428,-2.3209829119876573
0.9870471199010233,-0.40733861663696613,-6.499970768124054
-0.04244670875758949,-1.4147728788863176,-3.0888009772911675
-0.8098457028654358,1.9396399998928775,0.5259572728397907
1.356998243529207,0.5899992359951458,-0.5703789109225743
1.7630156492694158,1.571296127788857,1.1019277499594138
-1.0304443332832638,-0.09516929292684351,-6.585509415926339
1.1322301477321828,-0.3030355262368083,-6.764723279256711
-0.9922192160335888,0.48638477221082654,-8.27672166339594
1.3927045662943764,1.656318595180796,-0.5599532940419795
-1.356120520977941,-0.3837224968827475,-2.3934934081311425
-0.7828874957140446,1.0515238665740845,-4.950582410810622
1.1834195915746113,-1.6130681258723372,0.2164264382314805
0.5077410490469325,-1.6082123551095555,-0.8265603044115403
-1.2909258151554242,-0.476201321138884,-4.007820858677539
1.442037069635326,1.8219452812008456,-1.4436748821055128
0.5820432713740469,-0.8741809163880196,-4.87404938876619
-1.4951342974130553,-0.9417622730279289,-0.5194847215078727
0.7219447501045084,0.07333844309203341,-1.3382901138993402
-1.7824385737424802,-0.5062026925644387,-0.644223878998833
-0.661975799244158,1.8789454853957972,-0.25029648741043986
1.6109386410383983,-1.9373525952325563,-1.7682020386030082
1.5296126089907753,-0.3100021200277019,-1.602887726847578
-1.2901606435906698,0.16523555646702404,-3.413344310917351
1.5768778190264872,-1.0990075843308516,0.9601767136504686
-0.8124774216932811,-0.14006355532984616,-5.125708323540228
0.6324212932521376,-1.0972572856186606,-5.645389647999515
-1.729678783490924,0.35870936566995537,-1.1736168288733482
-0.0630181722072507,-0.8197807862757593,-3.9907325987724995
-1.47607266962821,-1.4129817407046241,-0.4988544471593891
-0.466566582958742,-1.2690295785928196,-3.3885422847643825
0.9613471982250279,-1.0264543196328075,-3.2506342441124296
0.003376541455867965,-0.30141905621310094,34.867343132545116
-1.8205321134278556,-0.5291300870189573,0.9718632160071965
-0.8341067043569779,-0.13903653428143947,-4.956476758672242
0.09953484595280093,-0.4495504587668564,19.83682809679997
1.6493581393755128,-0.006616397801371576,-2.1437429380754356
0.688786308555573,0.5480275561894592,-7.019173422786852
-0.12195604226380485,-0.9162942486754377,-6.04670959733612
-1.3165004873392339,1.7664119279424217,-0.9677625925771121
-0.6255446392854869,-1.8782786152015842,0.48125627671372284
-0.40461137722532436,0.3239366297826676,13.526126643626917
1.5355864166391262,0.23629733853429657,-2.2250102931068074
-1.62568022848955,1.8667516298071773,0.8826800586536633
0.13767905860471563,-1.3630777750541108,-4.031421161839152
-1.876526370344835,-1.294592240403773,-0.24865856044434834
-0.6134711339172485,-0.40284134910531577,0.3069909408960314
0.9623062039670263,-0.7069079382079599,-6.24036547297823
0.6008789053877202,0.6102503703692994,-5.8742980176855255
0.5624291100429542,0.823791363582294,-7.434298280564347
1.7380728630667082,-0.9995261960679711,0.4799314373487129
-0.6412193385195977,-0.10131046882541606,3.1301868708427523
-0.45757755167088154,-0.4629261673691807,4.013637456347485
-0.925973643440686,0.6518200599306674,-6.069277398277537
1.400560257209004,0.6405618428910689,-0.9685084054125835
1.1764982591195663,1.9826040170402424,-0.671108118807969
1.4273407475721842,-0.8900624722291295,-1.5441224664643105
0.6397257314907456,0.7694174256918265,-8.086266684712855
0.6532190252881884,0.34203590332128897,-1.73729341238804
-1.8951180144591713,1.3525176647716344,-1.2299452760475142
1.0019560405630985,1.953448557839811,-0.03419107494687922
-0.8441424204177954,-1.705247843518317,-1.8260397223612284
0.02920621768463061,-0.4746979240456164,18.25415232813655
1.154343888014846,-1.831738462907253,0.05876615381045101
1.4921439552175038,-1.4238906499694037,0.024999386653990943
-0.11467413345827682,0.9969493967921847,-5.907826096006213
-0.6879328094116484,-0.9290851389177424,-5.889829726258787
-0.6907621286018379,-0.7300160444479866,-6.303736238387149
-1.200876975476214,1.2932512137847971,-0.1442514849706139
1.4374132383745835,0.575064171615137,-2.0829616863545874
-1.8213083087511093,-0.8386978328031889,-0.053914224019642465
1.6956923131474713,-0.6071107566987646,-1.7054198295667637
-0.38747027789518507,-1.4601161186948013,0.42807613479465245
-1.4626249198521464,0.5478142510921917,-2.089827695190813
-0.34038099679297495,-1.7565765778918476,-0.5833380410294686
-0.8862930482733788,-1.0531554675722754,-6.490321586352522
1.5994463733409985,-0.3971878451672177,-0.39287430328646755
1.3446514131572207,0.19759334031708375,-3.186429665210338
0.28498358695584036,0.14597759090673224,33.057325317170736
1.4847081437359053,-1.6185427393486176,0.6725206871303113
0.21781756687686604,-0.7163482882447108,-2.75368180879779
1.1469656125676768,-1.4890817645133811,-0.3609616893814105
-1.4020262382417341,-0.09022683606644977,-2.931513744817498
1.1888861592502242,1.4195595688288636,-0.951497910574761
-1.2720345156688908,1.828843839814772,-0.7504483536687669
-1.2879129464244317,1.7353716032208237,-0.6174017312144378
-0.5484001430618348,-1.17007034885316,-2.9453725953021554
0.8664106421718016,0.7535191839718256,-6.302333879693074
-1.4537058431179348,0.7547996070522598,-0.09681299881859373
0.656298362502933,-0.2977194180281293,-1.3045340550019109
-0.44666364748408593,-0.1290055874189333,17.60418917482479
0.05221808319803811,-0.6943558974356745,0.9964456241269615
0.40365635591701476,0.9010800364107481,-7.929342882892276
1.7714693235789967,-0.08410859710708207,-1.258433376715123
-0.10152336117185934,1.768520769581849,-0.5007894883686703
-1.8183456795997284,0.1678832764023035,-2.2146956780642255
0.6704857800021289,0.47097719518357417,-6.589090777881866
-0.5858134929990984,-0.7298181688939978,-6.1061507123619005
1.3599461913554558,0.07748004935074437,-1.9317739572944987
0.3396683398586333,0.3181212976268384,19.79081810532395
0.061727361528407965,1.1782730009157443,-5.448400005871205
1.9399966886521574,0.7934403756913717,-1.1177622783583765
-0.8101738570171615,-1.3935033015467178,-1.0763897417171437
-1.0591913436652693,-0.7466217501396217,-2.198914234940598
-0.753079734590584,-1.521252635221126,1.1445107300244808
1.3302512560850048,1.6642637178564703,-1.137829751864691
1.3300155523554347,1.8745331428929162,0.5214535575056716
1.1942268129803937,0.14249506962069214,-6.565823864139089
-1.756882513596211,1.3851186144134475,2.047502725465494
-0.9320900433924004,-1.7424681437162977,-0.2185471121221873
1.6846699713033284,1.6818990718814453,0.106377235977872
1.7869731195749385,-0.6333608502366554,0.9447138704397537
0.19985346363532575,1.6562421174105633,-1.1901046361404561
0.4172811249418653,-0.7302931411441049,-4.676058918429575
-1.908075485049653,1.75082835119716,-0.0658571368664577
1.4318885303163489,-1.0188425747975827,-0.8048939906907951
1.1712641159664394,0.9102261616838998,-0.8961166331639012
1.7924658312441233,0.26945773262488704,-0.3266724834892063
1.316864429926933,1.1340807202091545,0.06668656923546268
-1.7966847590140516,-0.6800170916633497,1.50611876346222
1.2519130733108805,-1.2408263743372947,-1.035609192172502
0.7597731851490837,1.2729634720454324,-2.021893638714779
0.5690690100368232,0.6652684208095003,-6.007903431014812
0.30354366775605035,0.14331129651657726,33.20440296573701
1.8485440140525253,-0.5108667413826904,0.42273799225290803
1.836002493766923,-0.05027411249228875,-0.3967382198745872
0.631518185519949,0.6800754785522427,-7.234649952218625
-1.2964221983139548,-0.6909178037762831,-2.17826994561852
0.5901256527974481,-0.08017724734146148,7.502541519169218
0.781049059368994,1.9684502313175685,-1.0401579007027677
0.17793685663889747,0.35851993374609137,25.2495213394319
1.8716486374029766,1.7149249098052413,1.8405397137196946
1.2934188307233287,-1.4496369319151063,0.3991153419090161
-1.8157794028426015,-1.2995341366872681,-0.12459984043231484
1.4045468426870622,1.0881500700831328,-0.9143473998141196
-1.6314059168742614,1.4379815812083732,-1.0693352158004688
1.717854111826575,1.228537501695604,-1.1199047305596639
1.8008138887396643,-0.22706752794600193,-0.8250120216422971
1.0538423761908264,-1.334802356821207,2.2463305488208687
0.3419892556498261,-1.4846150516240808,-1.0558105672217728
-1.9071884404388815,-1.943730274221549,-0.442954900294993
0.14565082091505666,0.677304283167731,2.195485962307049
0.9273695934452229,-0.4748430019903074,-6.542322100312229
1.8444946992276892,1.2381631640650723,0.021964926497039353
-1.3467801308198282,0.5703761516373214,-3.5588876698168077
-1.388724170103015,-0.45014979310268766,-1.6111684558147066
-1.8577381748500783,-0.5464323116965835,-0.36559286855615725
1.6084997407509114,0.6697242899080038,-0.42595681043140887
0.8861775203758007,-1.3092364072230631,0.5617428395382649
0.30103236984487936,-1.46327967922926,-2.057581985177117
0.7831612240785684,-0.1921206983231154,-3.500218753078862
-0.13576667290809352,1.5688631124669916,-2.3277546564614946
0.4186314036518275,-0.8574329993796734,-6.617460045961284
-0.9305578246382664,-0.6364465627513161,-4.164089096151997
1.3970610973054467,0.49679538069012175,-3.0115941590012154
-1.929745205472031,-0.2519126326237453,-0.9050728651566231
0.4988838241107403,-0.8895625756659973,-7.564729417936345
1.0760986368744194,-1.8579695806994843,0.9160531934245257
0.17809667452315647,1.0416568684854086,-6.230861344070813
-1.2653914774220794,1.7435083796106983,0.4350594253370133
0.6138883021051416,0.07791911273231245,5.6954389901276095
-1.9920945377051624,-1.758429547501116,-0.32914848354173326
-0.07475134276031925,1.6570954876868336,-1.402480345658032
1.5305110586412494,0.39294277049144144,-3.2443981518887943
0.01946886255516267,-0.35543251592301894,30.321374433293393
-0.5356249504401931,-1.811676151844475,-0.09472984164270012
0.6516365388691905,1.9557488269656664,1.3974065786118606
0.3267375499143612,0.9175048771198222,-5.937864402019091
-1.9554636504413914,1.3468543404945916,0.9640627428880921
1.792480421127181,-0.16844967829254243,-0.0025273110052908554
0.939626435645053,0.020937777290825466,-5.179032606223278
1.208930529700079,-1.14692021888701,-1.382861010816379
0.5197371486884896,1.9432974908736944,-0.2662998315445177
-0.38777211747671325,1.1448605497020812,-5.621648504194126
0.491001681822155,1.937080630734033,-1.049639537984188
1.1628285267426244,-0.5127184156902023,-4.1771593042600115
0.09204324885739945,0.20708165694491143,41.43588478132401
-1.0105532259190473,-0.7407601304513767,-4.438000706739873
-0.7091641578905135,0.5393584730173315,-7.25687510086229
0.20909928538209233,-0.013858974204970842,43.340734418982954
-1.135345778363544,-0.39557313335310207,-5.150619743766708
-1.917461485794389,0.9274667992851344,-1.0682106414156398
-0.4446681163859809,0.11545977568950017,18.708556342135168
-0.5346160738719274,1.0144448194007065,-5.543814728697377
-0.2560236408606409,-1.8018953632739532,0.1945987094695409
0.11410169500518208,0.884051188396854,-4.876768045386927
0.17945493692866066,1.796721065370373,-0.3392998965128942
-1.7413778388627303,-1.6823835125481512,-0.25400958570907944
1.5794850335932815,-0.061503765147565836,-0.41846670074897385
0.5960949728422018,-0.6749483265010019,-7.126260935722277
1.6066499871440993,-0.7110144039260109,-0.42097361102394804
-0.754575074470631,0.8091048014534854,-5.990725954733769
0.8845207614238024,-0.6326876442614071,-7.298896077482595
-1.9993777748455295,-0.3454194674958564,1.4914626008925336
-0.6781672426695633,0.8011539808222423,-8.365908514335032
-0.21124443876579457,-0.6304485094395331,2.842858273967225
-0.5383431857419465,-1.9544787193233435,-0.23236430231011754
0.6525308021191756,-0.6297578750482944,-4.929067006452991
1.1292758475259692,0.4803389736143413,-4.499780081249756
1.463613462722857,-0.5149252159005027,-1.7527265789091948
0.5604610657037288,-0.9808537693974846,-8.566287829166564
1.0574466858480114,-1.423025052137202,-1.1079132980809432
-0.6553071789272242,-1.6367944764286673,-1.0801210498817353
1.5961489582104584,-0.8593483370053545,-2.3743773388901483
-1.2990252422941242,-0.02836289513542578,-4.565050742441944
0.19563561897484405,1.3146589348773494,-5.983509771181364
-0.558747142537924,-1.5657550781835812,0.014274811185961855
-0.9704668692569705,0.2544165037766568,-5.194735430197856
0.9699722403328668,0.9958156074268438,-4.421970295718471
0.7268096975544491,-0.7044673013658067,-5.973289925602576
0.49975571388845763,-0.13275662483104522,14.769391399523037
-1.1425722069298665,1.630803906574192,-0.6974834742373021
-1.0840963294273136,0.3917914485218761,-5.922995286454432
0.8994622455745671,-1.0710820346540766,-3.2516628569178554
-0.09009284601889744,-1.1280206069442782,-5.344881933360011
0.9980918069995717,0.6709168326115464,-4.385861335927763
1.139752537507864,-1.5842405520651721,0.49526025887845715
-0.42142688492099456,0.21849661556028632,18.134651399443012
-0.37481904405402,0.6183995680388299,-1.513102577096365
-1.129646025894314,0.3001209847246229,-5.0295800226220555
1.920299183170998,1.1557213725199684,-0.4518855141916006
0.23996868870828614,0.8710587788018476,-6.38204944530654
0.30160979703942115,0.9288040245838909,-6.304336452858938
1.0401210176922646,1.9785396577352836,0.925664125986
0.19252347223394883,1.0261768151516608,-6.088794186882901
-0.3094767133466134,-0.16653882304093592,30.468591193950356
0.36412045922708147,-0.5969015568398892,-0.5404699540931717
-1.8111158830300194,-1.489553371426219,1.2952504087774228
-0.18225572133759815,0.44345943860694925,19.873965432945116
-1.8959778379252326,-1.3016050942087598,0.28459254574643805
-0.759778744673298,1.961674526008578,-0.1623660404082431
0.3641207736912522,1.7145115153644466,-0.023224420196356288
0.005159703707966479,1.7535530516897144,-0.7497314709182699
-0.8942150433503309,0.20609063324496324,-7.069863207915188
1.2026169904864088,0.623687371398153,-3.6720075564185235
0.4909459308998563,1.769823101753612,-0.47311980275779164
0.30842902904307357,0.010855053990910246,37.14451836459568
1.8724962430858128,1.0325230968164054,-0.021967824759487133
-0.5442958540743752,0.18619306799249902,8.289089537888001
-1.4541720130690634,1.7504719484694538,0.4294250657705578
-1.7064567110475277,1.8120019049216194,2.0254447380259393
-1.2560136658126848,-0.9353823733507793,-2.2034861543791515
-0.49716782868122245,-0.4951397832339759,0.40219666926827946
-1.9647562057154468,-1.411742675677441,1.5597131909858633
-0.7176309080283385,1.9639017920026678,0.5303822472680275
-1.122359231121572,-0.3266741059249956,-5.969900003359349
1.8093131984258894,1.3059868902333847,-0.5424847047207484
-0.49741349690773085,1.497901052025365,-1.7889971267084577
1.2954161178643595,-0.9398200397691858,1.569933983267822
-0.6741871542877145,0.06645169111634353,1.4043778615748124
-1.2683094743622991,0.1876271990993037,-4.146649389525508
0.7274622245503322,-1.6154349517058826,-1.3358204595723782
1.5176331490200528,-1.8055950359876332,2.404054952845423
-0.5792379624005553,1.2864159909729054,-4.385920936780042
1.300714762936471,1.918985757752127,0.9915751352788694
-1.0949912300479796,-0.07172411974576809,-4.64443161137874
-0.09430337819790369,-1.7875002895553247,0.5983823607620613
0.2631562245426675,-1.5278654791733417,-2.9750653406830443
-1.27103639534179,-1.2645120077147878,-0.7960371249879072
1.0093720404119941,0.9554321617362009,-3.240392887714839
-1.6821996982073273,1.9350485565359667,0.6919587516040294
-1.5958574794096494,-1.5754975203567785,0.4597986822654466
-0.48892917823537774,-1.9737843341612566,-0.8713050995395871
1.2003039820166754,0.7957820033724787,-1.72778096714207
-0.4918691236445869,0.9292302657851819,-7.70799032437502
1.7209376729643395,-1.2061760029117479,0.5957501644776385
-1.5225166612835879,-0.9886209691584904,-0.6453060726124316
-1.2200846286387215,-0.8232610844122075,-1.5086892873500015
1.6607670857206376,0.22065897646244625,-0.6516365006060858
-0.8437775701230357,-1.2641972801074406,-1.5234032237834094
-1.5571166130483158,-0.25836677043604706,-1.1830322161480469
0.760320729328996,-1.6790145097298055,0.1904419871431231
1.2558861868717228,1.5317469712824763,1.5930562832678332
-1.277084955740099,1.3601092165855668,-1.9171730902406872
0.03244291589771553,1.684777648066178,0.8339691215945025
0.036085957214032405,-1.1918444182686598,-6.8120551733952865
-1.2305570022372692,-1.6057665836017936,-1.3514812054132022
1.8048135935873355,-1.6837587179580615,0.6105241093710764
